DetectorID,Location
745.2.554,I-215 SB Ann On Ramp between I-215 SB Ann On Ramp and I-215 SB
710.2.740,I-11 NB between Hoover Dam Bridge Int/93 and Buchanan Blvd
390.2.250,I-15 SB between Craig Road and Alexander Road
491.1.237,CC-215 WB between Green Valley Pkwy and Carnegie Dr
496.1.543,215 EB to AC NB between CC-215 EB and AC NB
99.1.35,I-15 NB between I-15 NB Sahara Off-Ramp and I-15 NB Sahara On-Ramp
484.1.255,CC-215 EB between Valle Verde Dr and Arroyo Grande Blvd
525.2.142,I-15 NB CD between Warm Springs Road and Robindale Road
528.2.87,I-15 SB CD between Clark County 215 and Sunset Road
392.2.420,I-15 SB between Ann Road and Smiley Road
408.3.226,US-95 SB between Half Moon Bay and Cheyenne Avenue
517.3.9,I 15 Exp NB between Clark County 215 and Warm Springs Road
69.1.52,I-15 SB between I-15 SB Tropicana On-Ramp and I-15 SB Russell Off-Ramp
171.1.196,US-95 SB to I-15 SB Ramp between US-95 SB and I-15 SB
386.3.396,I-515 NB between College Drive and Bitterroot Street
49.2.12,I-15 NB between I-15 NB Russell Off-Ramp and I-15 NB Russell On-Ramp
579.1.437,I-15 NB 215 CC On Ramp between 215 CC and I-15 NB
439.3.332,I-15 NB between Sloan Road and 0.71 Miles south of Sloan Road
401.1.435,I-15 NB between Ann Road and Clark County 215
136.2.47,I-15 SB between US-95 NB to I-15 SB Ramp and US-95 SB to I-15 SB Ramp
361.3.290,I-515 SB between Dell Santos Drive and Viking Road
669.2.553,CC-215 EB between Cheyenne Avenue and Alexander Road
611.2.469,CC-215 EB between Tropicana Avenue and Russell Road
484.2.256,CC-215 EB between Arroyo Grande Blvd and Stephanie Street
624.1.483,I-215 SB Sahara OnRamp between Flamingo Road and Tropicana Avenue
720.2.725,I-11 NB US 93 Off Ramp between I-11 NB and RR Pass Off Ramp
659.2.551,CC-215 WB between Sunset Road and Russell Road
95.1.29,I-15 SB Spring Mtn On-Ramp between Spring Mountain Road and I-15 SB
357.1.312,I-15 NB between Pyle Avenue and Erie Avenue
365.2.304,I-515 SB between Sunset Road and Stephanie Street
515.3.150,I 15 Exp NB between Blue Diamond Road and Wigwam Avenue
127.2.531,I-15 NB to US-95 NB Ramp between I-15 NB and US-95 NB
215.3.277,I-515 NB between I-515 NB Charleston Off-Ramp and I-515 NB Charleston On-Ramp
367.1.367,I-515 SB between American Pacific Drive and Warm Springs Road
362.2.131,I-515 SB between Mountain Vista Street and Dell Santos Drive
162.2.197,US-95 SB between US-95 SB Rancho Off-Ramp and US-95 SB Rancho On-Ramp
645.1.478,I-215 NB TownCenter OffRamp between I-515 SB to Lake Mead Dr and Flamingo Road
213.1.59,I-515 SB Charleston Off-Ramp between I-515 SB and Charleston Boulevard
681.1.459,I-215 NB Aliante OffRamp between I-515 SB College Off Ramp and I-515 SB College On Ramp
126.1.759,I-15 NB MLK Blvd Off-Ramp between I-15 NB and Martin Luther King Boulevard
518.2.94,I 15 Exp SB between Warm Springs Road and Robindale Road
420.1.231,US-95 NB between Ann Road and Rancho Drive
410.3.228,US-95 SB between Craig Road and Rancho Drive
419.1.234,US-95 NB between Rancho Drive and Craig Road
222.1.172,I-515 NB between Desert Inn Road and Boulder Highway
355.3.155,I-15 NB between Wigwam Avenue and Serene Avenue
483.2.254,CC-215 EB between Grand Legacy Dr and Valle Verde Dr
496.2.266,215 EB to AC NB between CC-215 EB and AC NB
619.1.473,I-215 SB Tropicana OffRamp between I-515 SB College Off Ramp and I-515 SB College On Ramp
427.1.339,I-15 SB between 3.71 Miles south of Sloan Road and 2.71 Miles south of Sloan Road
76.2.26,I-15 SB between I-15 SB Flamingo WB Off-Ramp and I-15 SB Flamingo EB Off-Ramp
29.2.5,I-15 SB to I-215 WB/EB Ramp between I-15 SB and CC-215 WB
408.2.220,US-95 SB between Half Moon Bay and Cheyenne Avenue
715.1.748,I-11 NB between US-93 and Paradise Hills Dr
706.5.736,I-11 SB between Buchanan Blvd and Hoover Dam Bridge Int/93
123.2.50,I-15 SB between US-95 SB to I-15 SB Ramp and I-15 SB MLK/Charleston Off-Ramp
600.1.500,CC-215 WB between Lake Mead Boulevard and Cheyenne Avenue
327.2.205,US-95 SB between US-95 SB Valley View On-Ramp and US-95 SB Rancho Off-Ramp
715.1.725,I-11 NB between US-93 and Paradise Hills Dr
464.1.18,I 15 Exp SB between Tropicana Avenue and Hacienda Avenue
397.1.247,I-15 NB between Colton Avenue and Alexander Road
180.2.75,US-95 NB to I-15 SB Ramp between I-515 NB and I-15 SB
379.1.109,I-515 NB between Stephanie Street and Sunset Road
7.1.264,CC-215 WB between Las Vegas Boulevard and I-215 WB to I-15 SB Ramp
464.3.15,I 15 Exp SB between I-15 SB Russell Off-Ramp and Russell Road
548.2.401,I-515 NB Horizon Off Ramp between I-515 NB and Horizon
447.2.351,I-15 NB between 7.71 Miles south of Sloan Road and 8.71 Miles south of Sloan Road
449.2.357,I-15 NB between 9.71 Miles south of Sloan Road and 10.71 Miles south of Sloan Road
3.729.493,I-215 EB Decatur On-Ramp between  and 
353.2.324,I-15 SB between Saint Rose Parkway and Barbara Lane
575.3.540,I-15 SB between N LV Hwy and Craig Rd
599.1.495,CC-215 WB between I-515 SB College Off Ramp and Lake Mead Boulevard
326.1.72,US-95 NB between US-95 NB Rancho On-Ramp and US-95 NB Valley View Off-Ramp
678.1.455,I-215 NB Decatur OnRamp between Alexander Road and Cheyenne Avenue
715.2.724,I-11 NB between US-93 and Paradise Hills Dr
370.3.391,I-515 SB between Appian Drive and Long Acres Drive
492.2.124,CC-215 WB between McLeod Dr and Eastern Avenue
328.2.202,US-95 NB between US-95 NB Valley View Off-Ramp and US-95 NB Valley View On-Ramp
380.1.306,I-515 NB between Sunset Road and Warm Springs Road
192.2.74,I-515 SB between I-515 SB Casino Ctr Off-Ramp and I-515 SB LV Blvd Off-Ramp
675.1.458,CC-215 EB between Charleston Boulevard and Sahara Avenue
575.2.535,I-15 SB between N LV Hwy and Craig Rd
6.2.264,CC-215 EB between I-215 EB to I-15 NB Ramp and I-15 NB to I-215 EB Ramp
427.3.341,I-15 SB between 3.71 Miles south of Sloan Road and 2.71 Miles south of Sloan Road
349.1.154,I-15 SB between Serene Avenue and Wigwam Avenue
477.1.263,CC-215 WB between Warm Springs Road and Mccarran Airport Conn Rd
138.2.55,I-15 NB between I-15 NB Wash./D-Street Off-Ramp and I-15 NB Washington/D-St On-Ramp
167.1.531,US-95 NB between I-15 NB to US-95 NB Ramp and US-95 NB Rancho Off-Ramp
70.2.21,I-15 NB between I-15 NB Tropicana On-Ramp and I-15 NB Flamingo EB Off-Ramp
482.1.236,CC-215 EB between Pecos Road and Carnegie Dr
371.1.392,I-515 SB between College Drive and Appian Drive
515.2.154,I 15 Exp NB between Wigwam Avenue and Pebble
522.1.17,I-15 NB CD between Hacienda Avenue and Russell Road
103.2.40,I-15 SB Sahara WB Off-Ramp between I-15 SB and Sahara Avenue
74.1.22,I-15 NB Flamingo On-Ramp between Flamingo Road and I-15 NB
415.2.214,US-95 NB between Lake Mead Boulevard and Rainbow Boulevard
536.1.100,I-15 NB Jean Off Ramp between I-15 NB and Jean
59.1.18,I-15 NB between I-15 NB Tropicana Off-Ramp and I-15 NB Tropicana On-Ramp
606.2.489,CC-215 EB between I-515 SB College On Ramp and Charleston Boulevard
117.2.766,I-15 SB between I-15 SB MLK/Charleston Off-Ramp and I-15 SB MLK/Charleston On-Ramp
129.2.751,I-15 NB to US-95 SB Ramp between I-15 NB and I-515 SB
502.1.269,CC-215 WB between Jones Boulevard and Torrey Pines Drive
352.2.321,I-15 SB between Barbara Lane and Erie Avenue
202.1.69,I-515 SB between I-515 SB LV Blvd On-Ramp and I-515 SB Eastern Off-Ramp
405.3.721,US-95 SB between Torrey Pines Drive and Rainbow Boulevard
493.1.123,CC-215 WB between Eastern Avenue and Spencer St
421.2.506,US-95 NB between Clark County 215 and Ann Road
688.2.519,US-95 SB between Tropical and Clark County 215
609.2.477,CC-215 EB between I-515 SB to Lake Mead Dr and Flamingo Road
405.1.213,US-95 SB between Torrey Pines Drive and Rainbow Boulevard
5.739.460,CC-215 EB between  and 
89.2.30,I-15 NB between I-15 NB Spring Mtn WB On-Ramp and I-15 NB Desert Inn On-Ramp
465.4.88,I 15 Exp SB between Patrick Lane and CC-215 WB
417.1.216,US-95 NB between Cheyenne Avenue and Half Moon Bay
112.2.44,I-15 NB between I-15 NB Charleston EB Off-Ramp and I-15 NB Charleston WB Off-Ramp
506.1.272,CC-215 EB between Buffalo and Tenaya
371.2.393,I-515 SB between College Drive and Appian Drive
386.2.398,I-515 NB between College Drive and Bitterroot Street
138.1.53,I-15 NB between I-15 NB Wash./D-Street Off-Ramp and I-15 NB Washington/D-St On-Ramp
347.1.69,I-515 SB LV Blvd On-Ramp 3 between Las Vegas Boulevard and I-515 SB
422.2.328,I-15 SB between Roban Street and Saint Rose Parkway
603.1.501,CC-215 EB between Cheyenne Avenue and Lake Mead Boulevard
127.1.531,I-15 NB to US-95 NB Ramp between I-15 NB and US-95 NB
167.1.753,US-95 NB between I-15 NB to US-95 NB Ramp and US-95 NB Rancho Off-Ramp
570.1.108,I-515 SB to Lake Mead Dr between I-515 SB and Frank Sinatra Drive
190.1.74,I-515 SB between I-15 SB to US-95 Ramp and I-515 SB Casino Ctr Off-Ramp
203.2.67,I-515 NB between I-515 NB Eastern On-Ramp and I-515 NB LV Blvd Off-Ramp
492.1.194,CC-215 WB between Pecos Road and McLeod Dr
161.1.242,I-15 SB between Cartier Avenue and I-15 SB  Lake Mead Off-Ramp
467.2.246,I-15 NB Cheyenne Ave Off Ramp between I-15 NB and Cheyenne Avenue
218.1.280,I-515 SB between I-515 SB Charleston On-Ramp and I-15 SB Boulder Off-Ramp
503.1.271,CC-215 WB between Rainbow Boulevard and Tenaya
80.2.24,I-15 SB Flamingo EB Off-Ramp between I-15 SB and Flamingo Road
122.2.48,I-15 NB between I-15 NB Charleston On-Ramp and I-15 NB to US-95 NB Ramp
387.2.406,I-515 NB between Bitterroot Street and Wagon Wheel Drive
482.2.237,CC-215 EB between Carnegie Dr and Green Valley Pkwy
417.2.230,US-95 NB between Cheyenne Avenue and Half Moon Bay
528.3.76,I-15 SB CD between Sunset Road and Oquendo
215.2.362,I-515 NB between I-515 NB Charleston Off-Ramp and I-515 NB Charleston On-Ramp
707.4.740,I-11 SB between Buchanan Blvd and Hoover Dam Bridge Int/93
423.1.329,I-15 SB between Sloan Road and Roban Street
623.1.480,I-215 SB TownCenter OffRamp between I-515 SB to Lake Mead Dr and Flamingo Road
2.2.267,CC-215 EB between I-215 EB Decatur Off-Ramp and I-215 EB Decatur On-Ramp
216.1.365,I-515 NB Charleston Off-Ramp between I-515 NB and Charleston Boulevard
448.2.354,I-15 NB between 8.71 Miles south of Sloan Road and 9.71 Miles south of Sloan Road
375.3.166,I-515 NB between Viking Road and Dell Santos Drive
627.1.489,I-215 SB Charleston OffRamp between Sunset Road and Durango
117.3.767,I-15 SB between I-15 SB MLK/Charleston Off-Ramp and I-15 SB MLK/Charleston On-Ramp
170.2.761,I-15 SB MLK/Charleston On-Ramp between Martin Luther King Boulevard and I-15 SB
148.2.58,I-15 NB between I-15 NB  Lake Mead EB Off-Ramp and I-15 NB Lake Mead WB Off-Ramp
431.1.349,I-15 SB between 7.71 Miles south of Sloan Road and 6.71 Miles south of Sloan Road
205.1.66,I-515 SB Eastern Off-Ramp between I-515 SB and Eastern Avenue
490.2.253,CC-215 WB between Grand Legacy Dr and Green Valley Pkwy
622.1.479,I-215 SB TownCenter OnRamp between Sahara Avenue and I-515 SB to Lake Mead Dr
595.2.482,CC-215 WB between I-515 SB to Lake Mead Dr and Sahara Avenue
426.3.338,I-15 SB between 2.71 Miles south of Sloan Road and 1.71 Miles south of Sloan Road
706.1.732,I-11 SB between Buchanan Blvd and Hoover Dam Bridge Int/93
204.2.62,I-515 SB between I-515 SB Eastern Off-Ramp and I-515 SB Eastern On-Ramp
26.2.98,CC-215 EB between I-15 NB to I-215 EB Ramp and Las Vegas Boulevard
126.2.80,I-15 NB MLK Blvd Off-Ramp between I-15 NB and Martin Luther King Boulevard
433.2.354,I-15 SB between 9.71 Miles south of Sloan Road and 8.71 Miles south of Sloan Road
142.1.55,I-15 SB between I-15 SB Washington Off-Ramp and I-15 SB Washington On-Ramp
41.2.140,I-15 SB between I-215 WB to I-15 SB Ramp and I-215 EB to I-15 SB Ramp
31.1.7,I-215 WB to I-15 SB Ramp between CC-215 WB and I-15 SB
78.1.773,I-15 SB between I-15 SB Flamingo On-Ramp and I-15 SB Tropicana Off-Ramp
167.2.754,US-95 NB between I-15 NB to US-95 NB Ramp and US-95 NB Rancho Off-Ramp
705.3.730,I-11 SB between US-95 and Buchanan Blvd
732.2.728,I-11 NB US 95 NB On Ramp between US-95 NB and I-11 NB US 95 NB On Ramp
473.1.252,I-15 SB Craig WB On-Ramp between Craig Road and I-15 SB
81.2.24,I-15 SB Flamingo On-Ramp between Flamingo Road and I-15 SB
402.4.444,I-15 NB between Clark County 215 and Centennial Parkway
136.1.47,I-15 SB between US-95 NB to I-15 SB Ramp and US-95 SB to I-15 SB Ramp
349.3.152,I-15 SB between Serene Avenue and Wigwam Avenue
416.1.215,US-95 NB between Half Moon Bay and Lake Mead Boulevard
457.1.14,I 15 Exp NB between Russell Road and I-15 NB Russell On-Ramp
610.2.473,CC-215 EB between Flamingo Road and Tropicana Avenue
703.1.726,I-11 SB between US-93 and Silverline Rd
424.1.332,I-15 SB between 0.71 Miles south of Sloan Road and Sloan Road
632.1.498,I-215 SB Lake Mead OnRamp between Sunset Road and Durango
402.3.443,I-15 NB between Clark County 215 and Centennial Parkway
415.1.223,US-95 NB between Lake Mead Boulevard and Rainbow Boulevard
635.1.504,I-215 SB Cheyenne OffRamp between Sunset Road and Durango
638.1.468,I-215 NB Russell OnRamp between Alexander Road and Cheyenne Avenue
15.1.6,I-215 EB to I-15 SB Ramp between CC-215 EB and I-15 SB
610.1.475,CC-215 EB between Flamingo Road and Tropicana Avenue
376.3.291,I-515 NB between Dell Santos Drive and Mountain Vista Street
548.1.376,I-515 NB Horizon Off Ramp between I-515 NB and Horizon
171.3.761,US-95 SB to I-15 SB Ramp between US-95 SB and I-15 SB
731.2.744,US-93 SB between US-93 SB and US-95 SB
115.1.45,I-15 NB Grand Central Off-Ramp between I-15 NB and Grand Central Parkway
616.1.467,I-215 SB Russell OnRamp between Alexander Road and Cheyenne Avenue
381.3.102,I-515 NB between Warm Springs Road and American Pacific Drive
711.2.735,I-11 NB between Hoover Dam Bridge Int/93 and Buchanan Blvd
685.1.452,I-215 SB Decatur OffRamp between I-515 SB to Lake Mead Dr and Flamingo Road
445.1.348,I-15 NB between 5.71 Miles south of Sloan Road and 6.71 Miles south of Sloan Road
369.1.382,I-515 SB between Long Acres Drive and Waterwheel Falls Drive
375.2.164,I-515 NB between Viking Road and Dell Santos Drive
505.1.274,CC-215 EB between Durango and Cimmaron
86.1.28,I-15 NB Sping Mtn EB Off-Ramp between I-15 NB and Spring Mountain Road
212.1.276,I-515 SB between I-515 SB Charleston Off-Ramp and I-515 SB Charleston On-Ramp
710.3.739,I-11 NB between Hoover Dam Bridge Int/93 and Buchanan Blvd
445.2.347,I-15 NB between 5.71 Miles south of Sloan Road and 6.71 Miles south of Sloan Road
15.2.6,I-215 EB to I-15 SB Ramp between CC-215 EB and I-15 SB
695.1.536,I-15 NB LV Blvd OffRamp between 2.71 Miles south of Sloan Road and I-15 NB
412.3.515,US-95 SB between Ann Road and Clark County 215
354.1.79,I-15 NB between Robindale Road and Wigwam Avenue
365.3.305,I-515 SB between Sunset Road and Stephanie Street
109.1.37,I-15 SB Boulder Off-Ramp between Sahara Avenue and I-15 SB
697.1.537,I-15 SB LV Blvd OnRamp between I-15 NB and 3.71 Miles south of Sloan Road
400.4.431,I-15 NB between Smiley Road and Ann Road
626.1.486,I-215 SB Charleston OnRamp between Russell Road and Sunset Road
528.1.96,I-15 SB CD between Warm Springs Road and Clark County 215
26.1.97,CC-215 EB between I-15 NB to I-215 EB Ramp and Las Vegas Boulevard
572.1.391,I-515 SB College Off Ramp between I-515 SB and College Drive
47.1.92,I-15 NB to I-215 EB Ramp between I-15 NB and CC-215 EB
354.2.144,I-15 NB between Robindale Road and Wigwam Avenue
432.1.77,I-15 SB between 8.71 Miles south of Sloan Road and 7.71 Miles south of Sloan Road
521.1.156,I 15 Exp SB between Pebble and Serene Avenue
102.2.37,I-15 SB between I-15 SB Sahara Off-Ramp and I-15 SB Sahara On-Ramp
2.749.727,CC-215 EB between  and 
215.4.366,I-515 NB between I-515 NB Charleston Off-Ramp and I-515 NB Charleston On-Ramp
25.2.97,CC-215 WB between Gilespie Street and Las Vegas Boulevard
518.3.142,I 15 Exp SB between Warm Springs Road and Robindale Road
61.1.18,I-15 NB Tropicana On-Ramp between I-15 NB and Tropicana Avenue
727.1.741,I-11 NB Bridge US 93 On Ramp between I-11 NB and Hoover Dam Bridge Int/93
402.2.439,I-15 NB between Clark County 215 and Centennial Parkway
356.1.309,I-15 NB between Serene Avenue and Pyle Avenue
428.3.344,I-15 SB between 4.71 Miles south of Sloan Road and 3.71 Miles south of Sloan Road
398.1.249,I-15 NB between Alexander Road and Craig Road
194.1.71,I-515 SB between I-515 SB LV Blvd Off-Ramp and I-515 SB LV Blvd On-Ramp
416.2.224,US-95 NB between Half Moon Bay and Lake Mead Boulevard
603.2.499,CC-215 EB between Cheyenne Avenue and Lake Mead Boulevard
675.2.456,CC-215 EB between Charleston Boulevard and Sahara Avenue
516.1.151,I 15 Exp NB between Blue Diamond Road and Wigwam Avenue
355.2.153,I-15 NB between Wigwam Avenue and Serene Avenue
706.4.735,I-11 SB between Buchanan Blvd and Hoover Dam Bridge Int/93
54.1.14,I-15 SB Russell Off-Ramp between I-15 SB and Russell Road
410.1.235,US-95 SB between Craig Road and Rancho Drive
405.2.206,US-95 SB between Torrey Pines Drive and Rainbow Boulevard
196.2.69,I-515 SB LV Blvd On-Ramp between Las Vegas Boulevard and I-515 SB
493.3.121,CC-215 WB between Wigwam Ave and Windmill Ln
608.2.480,CC-215 EB between Sahara Avenue and I-515 SB to Lake Mead Dr
9.3.2,CC-215 WB between I-15 SB to I-215 WB/EB Ramp and I-215 WB Decatur Off-Ramp
360.3.165,I-515 SB between Viking Road and Boulder Highway
374.3.287,I-515 NB between Boulder Highway and Viking Road
58.2.17,I-15 NB between I-15 NB Russell On-Ramp and I-15 NB Tropicana Off-Ramp
474.1.211,US-95 SB Decatur-Valley View CD between Decatur Road and Valley View Boulevard
403.2.533,I-15 NB between Centennial Parkway and Speedway Boulevard
431.3.350,I-15 SB between 7.71 Miles south of Sloan Road and 6.71 Miles south of Sloan Road
163.1.72,US-95 NB between US-95 NB Rancho Off-Ramp and US-95 NB Rancho On-Ramp
377.1.162,I-515 NB between Mountain Vista Street and Denning Street
749.1.201,US-95 NB MLK On Ramp between US-95 NB MLK On Ramp and US-95 NB
715.2.722,I-11 NB between US-93 and Paradise Hills Dr
209.1.65,I-515 NB Eastern On-Ramp between Eastern Avenue and I-515 NB
516.3.141,I 15 Exp NB between Warm Springs Road and Robindale Road
686.1.458,I-215 SB Aliante OnRamp between Flamingo Road and Tropicana Avenue
171.3.541,US-95 SB to I-15 SB Ramp between US-95 SB and I-15 SB
378.3.298,I-515 NB between Denning Street and Stephanie Street
715.3.722,I-11 NB between US-93 and Paradise Hills Dr
717.2.727,I-11 NB US 95 On Ramp between I-11 NB and US-95
631.1.496,I-215 SB Summerlin OffRamp between Sunset Road and Durango
404.3.212,US-95 SB between Meadows Lane and Torrey Pines Drive
73.2.23,I-15 NB Flamingo EB Off-Ramp between I-15 NB and Flamingo Road
406.3.232,US-95 SB between Rainbow Boulevard and Lake Mead Boulevard
639.1.466,I-215 NB Russel OffRamp between Cheyenne Avenue and Lake Mead Boulevard
368.2.379,I-515 SB between Waterwheel Falls Drive and American Pacific Drive
11.1.2,I-215 WB Decatur Off-Ramp between CC-215 WB and Decatur Road
593.2.474,CC-215 WB between Tropicana Avenue and Flamingo Road
588.1.422,I-15 SB Lamb Off Ramp between I-15 SB and Lamb
393.2.429,I-15 SB between Clark County 215 and Ann Road
48.2.83,I-15 NB between I-215 WB to I-15 NB Ramp and I-15 NB Russell Off-Ramp
65.1.19,I-15 SB Tropicana Off-Ramp between I-15 SB and Tropicana Avenue
149.2.240,I-15 NB between I-15 SB  Lake Mead Off-Ramp and I-15 NB  Lake Mead On-Ramp
132.1.80,I-15 SB between I-15 SB to US-95 Ramp and US-95 NB to I-15 SB Ramp
211.3.61,I-515 NB between I-515 NB Charleston On-Ramp and I-515 NB Eastern Off-Ramp
211.1.275,I-515 NB between I-515 NB Charleston On-Ramp and I-515 NB Eastern Off-Ramp
154.2.240,I-15 NB  Lake Mead EB On-Ramp between Lake Mead Boulevard and I-15 NB
97.1.33,I-15 NB between I-15 NB Desert Inn On-Ramp and I-15 NB Sahara Off-Ramp
102.1.769,I-15 SB between I-15 SB Sahara Off-Ramp and I-15 SB Sahara On-Ramp
665.3.453,CC-215 WB between I-515 SB College On Ramp and I-515 SB College Off Ramp
379.2.302,I-515 NB between Stephanie Street and Sunset Road
1.556.735,I-215 EB Decatur Off-Ramp between  and 
406.2.232,US-95 SB between Rainbow Boulevard and Lake Mead Boulevard
147.2.56,I-15 SB between I-15 SB Lake Mead EB On-Ramp and I-15 SB Washington Off-Ramp
160.2.242,I-15 NB between I-15 NB  Lake Mead On-Ramp and Cartier Avenue
382.1.373,I-515 NB between American Pacific Drive and Waterwheel Falls Drive
463.2.20,I 15 Exp SB between Harmon Ave and Tompkins
519.1.145,I 15 Exp SB between Robindale Road and Blue Diamond Road
747.2.556,I-215 SB Lone Mtn On Ramp between I-215 SB Lone Mtn On Ramp and I-215 SB
361.1.166,I-515 SB between Dell Santos Drive and Viking Road
3.2.1,I-215 EB Decatur On-Ramp between Decatur Road and CC-215 EB
439.1.334,I-15 NB between Sloan Road and 0.71 Miles south of Sloan Road
691.2.525,US-95 SB between Durango and Grand Teton
704.1.727,I-11 SB between Silverline Rd and US-95
452.1.508,US-95 NB between 11.71 Miles south of Sloan Road and 12.71 Miles south of Sloan Road
488.2.257,CC-215 WB between Drawback St and Stephanie Street
692.1.516,US-95 SB Ann Rd Off-Ramp between Tropical and Clark County 215
355.1.156,I-15 NB between Wigwam Avenue and Serene Avenue
394.1.434,I-15 SB between Centennial Parkway and Clark County 215
23.1.8,I-215 WB/I-15 NB between CC-215 WB and I-15 NB
520.3.153,I 15 Exp SB between Pebble and Serene Avenue
118.2.763,I-15 SB MLK/Charleston Off-Ramp between I-15 SB and Martin Luther King Boulevard
634.1.501,I-215 SB Cheyenne OnRamp between Sunset Road and Durango
668.2.555,CC-215 EB between Lake Mead Boulevard and Cheyenne Avenue
577.1.424,I-15 NB Lamb On Ramp between Lamb and I-15 NB
714.2.726,I-11 NB between Silverline Rd and US-93
162.1.197,US-95 SB between US-95 SB Rancho Off-Ramp and US-95 SB Rancho On-Ramp
652.1.495,I-215 NB Summerlin OnRamp between Sunset Road and Durango
339.2.203,US-95 NB between US-95 SB Decatur Off-Ramp and US-95 SB Decatur On-Ramp
72.1.22,I-15 NB between I-15 NB Spring Mtn Off-Ramp and I-15 NB Flamingo On-Ramp
398.2.251,I-15 NB between Alexander Road and Craig Road
519.2.144,I 15 Exp SB between Blue Diamond Road and Wigwam Avenue
380.2.105,I-515 NB between Sunset Road and Warm Springs Road
212.2.364,I-515 SB between I-515 SB Charleston Off-Ramp and I-515 SB Charleston On-Ramp
407.1.226,US-95 SB between Lake Mead Boulevard and Half Moon Bay
454.1.512,US-95 NB between CC-215 EB and Decatur Road
458.2.21,I 15 Exp NB between Tompkins and Harmon Ave
424.3.334,I-15 SB between 0.71 Miles south of Sloan Road and Sloan Road
328.1.195,US-95 NB between US-95 NB Valley View Off-Ramp and US-95 NB Valley View On-Ramp
98.2.34,I-15 SB between I-15 SB Sahara On-Ramp and I-15 SB Spring Mtn Off-Ramp
396.1.243,I-15 NB between Cartier Avenue and Colton Avenue
389.2.247,I-15 SB between Alexander Road and Colton Avenue
400.3.430,I-15 NB between Smiley Road and Ann Road
207.1.63,I-515 NB between I-515 NB Eastern Off-Ramp and I-515 NB Eastern On-Ramp
8.2.5,CC-215 WB between I-215 WB to I-15 SB Ramp and I-15 SB to I-215 WB/EB Ramp
98.3.32,I-15 SB between I-15 SB Sahara On-Ramp and I-15 SB Spring Mtn Off-Ramp
443.1.344,I-15 NB between 3.71 Miles south of Sloan Road and 4.71 Miles south of Sloan Road
689.1.522,US-95 SB between Clark County 215 and Elkhorn
327.1.205,US-95 SB between US-95 SB Valley View On-Ramp and US-95 SB Rancho Off-Ramp
535.1.157,Silverado Ranch between I-15 SB and Silverado Ranch
2.731.553,CC-215 EB between  and 
421.1.505,US-95 NB between Clark County 215 and Ann Road
607.1.486,CC-215 EB between Charleston Boulevard and Sahara Avenue
374.1.289,I-515 NB between Boulder Highway and Viking Road
72.2.28,I-15 NB between I-15 NB Spring Mtn Off-Ramp and I-15 NB Flamingo On-Ramp
429.1.345,I-15 SB between 5.71 Miles south of Sloan Road and 4.71 Miles south of Sloan Road
443.2.343,I-15 NB between 3.71 Miles south of Sloan Road and 4.71 Miles south of Sloan Road
705.4.731,I-11 SB between US-95 and Buchanan Blvd
101.1.755,I-15 NB Sahara On-Ramp between Sahara Avenue and I-15 NB
640.1.472,I-215 NB Tropicana OnRamp between Lake Mead Boulevard and I-515 SB College Off Ramp
117.3.43,I-15 SB between I-15 SB MLK/Charleston Off-Ramp and I-15 SB MLK/Charleston On-Ramp
674.2.463,CC-215 EB between I-515 SB College On Ramp and Charleston Boulevard
495.1.263,215 WB to AC NB between CC-215 WB and AC NB
516.2.149,I 15 Exp NB between Robindale Road and Blue Diamond Road
555.1.405,I-515 SB WagonWheel On Ramp between WagonWheel and I-515 SB
350.1.158,I-15 SB between Pyle Avenue and Serene Avenue
713.2.727,I-11 NB between US-95 and Silverline Rd
667.1.729,CC-215 EB between I-515 SB College Off Ramp and Lake Mead Boulevard
350.3.314,I-15 SB between Pyle Avenue and Serene Avenue
459.1.22,I 15 Exp NB between Flamingo Road and Twain
666.2.457,CC-215 WB between I-515 SB College On Ramp and I-515 SB College Off Ramp
675.3.452,CC-215 EB between I-515 SB College On Ramp and I-515 SB College Off Ramp
356.2.308,I-15 NB between Serene Avenue and Pyle Avenue
605.2.493,CC-215 EB between I-515 SB College Off Ramp and I-515 SB College On Ramp
361.2.293,I-515 SB between Dell Santos Drive and Viking Road
454.2.513,US-95 NB between CC-215 EB and Decatur Road
469.2.251,I-15 NB Craig Road Off Ramp between I-15 NB and Craig Road
137.1.80,I-15 NB between US-95 NB to I-15 NB Ramp and I-15 NB Wash./D-Street Off-Ramp
351.2.316,I-15 SB between Erie Avenue and Pyle Avenue
415.3.215,US-95 NB between Lake Mead Boulevard and Rainbow Boulevard
61.3.18,I-15 NB Tropicana On-Ramp between I-15 NB and Tropicana Avenue
438.1.331,I-15 NB between Roban Street and Sloan Road
171.2.47,US-95 SB to I-15 SB Ramp between US-95 SB and I-15 SB
476.1.261,CC-215 WB between Windmill Ln and Warm Springs Road
337.2.211,US-95 SB between US-95 SB Decatur Off-Ramp and US-95 SB Decatur On-Ramp
418.3.234,US-95 NB between Craig Road and Cheyenne Avenue
504.1.273,CC-215 WB between Buffalo and Cimmaron
166.1.210,US-95 SB between US-95 SB Rancho On-Ramp and US-95 SB to I-15 SB Ramp
621.1.477,I-215 SB Flamingo OffRamp between Charleston Boulevard and Sahara Avenue
741.2.550,I-215 NB Lone Mtn On Ramp between I-215 NB Lone Mtn On Ramp and I-215 NB
410.2.235,US-95 SB between Craig Road and Rancho Drive
399.4.418,I-15 NB between Craig Road and Smiley Road
673.2.460,CC-215 EB between I-515 SB College Off Ramp and I-515 SB College On Ramp
210.3.59,I-515 SB between I-515 SB Eastern On-Ramp and I-515 SB Charleston Off-Ramp
664.2.449,CC-215 WB between Sahara Avenue and Charleston Boulevard
174.1.752,US-95 SB to I-15 NB Ramp between I-515 SB and I-15 NB
459.3.28,I 15 Exp NB between Highland and Spring Mountain Road
168.2.196,US-95 SB between US-95 SB to I-15 SB Ramp and US-95 SB to I-15 NB Ramp
625.1.484,I-215 SB Sahara OffRamp between Tropicana Avenue and Russell Road
421.3.507,US-95 NB between Clark County 215 and Ann Road
156.2.57,I-15 SB between I-15 SB  Lake Mead WB On-Ramp and I-15 SB Lake Mead EB On-Ramp
102.1.40,I-15 SB between I-15 SB Sahara Off-Ramp and I-15 SB Sahara On-Ramp
360.1.171,I-515 SB between Viking Road and Boulder Highway
583.1.446,I-15 SB Speedway On Ramp between Speedway and I-15 SB
211.2.61,I-515 NB between I-515 NB Charleston On-Ramp and I-515 NB Eastern Off-Ramp
594.1.476,CC-215 WB between Flamingo Road and I-515 SB to Lake Mead Dr
705.2.729,I-11 SB between US-95 and Buchanan Blvd
690.2.523,US-95 SB between Elkhorn and Durango
644.1.481,I-215 NB TownCenter OnRamp between Sahara Avenue and I-515 SB to Lake Mead Dr
202.2.68,I-515 SB between I-515 SB LV Blvd On-Ramp and I-515 SB Eastern Off-Ramp
363.2.161,I-515 SB between Denning Street and Mountain Vista Street
401.2.437,I-15 NB between Ann Road and Clark County 215
129.1.760,I-15 NB to US-95 SB Ramp between I-15 NB and I-515 SB
600.2.502,CC-215 WB between Lake Mead Boulevard and Cheyenne Avenue
657.1.502,I-215 NB Cheyenne OffRamp between Sunset Road and Durango
489.2.255,CC-215 WB between Arroyo Grande Blvd and Valle Verde Dr
523.2.84,I-15 NB CD between Oquendo and Sunset Road
744.1.553,I-215 SB Ann Off Ramp between I-215 SB Ann Off Ramp and I-215 SB
529.1.81,I-15 SB CD between Sunset Road and Oquendo
497.1.545,AC SB to 215 EB between AC SB and CC-215 EB
574.1.394,I-515 NB College Off Ramp between I-515 NB and College Drive
398.3.411,I-15 NB between Alexander Road and Craig Road
417.3.230,US-95 NB between Cheyenne Avenue and Half Moon Bay
344.1.203,US-95 NB between US-95 SB Decatur On-Ramp and US-95 SB Jones Off-Ramp
1.555.738,I-215 EB Decatur Off-Ramp between  and 
529.2.13,I-15 SB CD between Oquendo and Russell Road
428.1.342,I-15 SB between 4.71 Miles south of Sloan Road and 3.71 Miles south of Sloan Road
442.1.341,I-15 NB between 2.71 Miles south of Sloan Road and 3.71 Miles south of Sloan Road
525.1.93,I-15 NB CD between Warm Springs Road and Robindale Road
210.2.59,I-515 SB between I-515 SB Eastern On-Ramp and I-515 SB Charleston Off-Ramp
494.1.544,AC SB to 215 WB between AC SB and CC-215 WB
363.3.292,I-515 SB between Denning Street and Mountain Vista Street
219.4.361,I-515 NB between I-515 NB Boulder Hwy Off-Ramp and I-515 NB Charleston Off-Ramp
489.1.256,CC-215 WB between Stephanie Street and Arroyo Grande Blvd
411.1.229,US-95 SB between Rancho Drive and Ann Road
550.1.378,I-515 SB Horizon Off Ramp between I-515 SB and Horizon
378.4.130,I-515 NB between Denning Street and Stephanie Street
432.2.351,I-15 SB between 8.71 Miles south of Sloan Road and 7.71 Miles south of Sloan Road
391.1.415,I-15 SB between Smiley Road and Craig Road
676.1.25,I-215 NB Jones OnRamp between Lake Mead Boulevard and Cheyenne Avenue
728.2.742,I-11 SB Bridge US 93 Off Ramp between I-11 SB and Hoover Dam Bridge Int/93
641.1.470,I-215 NB Tropicana OffRamp between I-515 SB College Off Ramp and I-515 SB College On Ramp
428.2.343,I-15 SB between 4.71 Miles south of Sloan Road and 3.71 Miles south of Sloan Road
141.2.55,I-15 NB Washington/D-St On-Ramp between Washington Avenue and I-15 NB
448.3.353,I-15 NB between 8.71 Miles south of Sloan Road and 9.71 Miles south of Sloan Road
653.1.492,I-215 NB Summerlin OffRamp between Sunset Road and Durango
78.2.20,I-15 SB between I-15 SB Flamingo On-Ramp and I-15 SB Tropicana Off-Ramp
702.1.721,I-11 SB between Paradise Hills Dr and US-93
181.1.80,I-515 NB between US-95 NB to I-15 NB Ramp and US-95 NB MLK Blvd Off-Ramp
357.2.311,I-15 NB between Pyle Avenue and Erie Avenue
479.2.261,CC-215 EB between Warm Springs Road and Windmill Ln
357.3.310,I-15 NB between Pyle Avenue and Erie Avenue
407.3.233,US-95 SB between Lake Mead Boulevard and Half Moon Bay
364.1.300,I-515 SB between Stephanie Street and Denning Street
409.1.221,US-95 SB between Cheyenne Avenue and Craig Road
395.1.445,I-15 SB between Speedway Boulevard and Centennial Parkway
97.3.38,I-15 NB between I-15 NB Desert Inn On-Ramp and I-15 NB Sahara Off-Ramp
384.1.384,I-515 NB between Long Acres Drive and Appian Drive
553.1.403,I-515 SB Boulder Hwy On Ramp between Boulder Hwy and I-515 SB
693.1.538,I-15 NB between Centennial Parkway and Speedway Boulevard
450.2.359,I-15 NB between 10.71 Miles south of Sloan Road and 11.71 Miles south of Sloan Road
424.2.333,I-15 SB between 0.71 Miles south of Sloan Road and Sloan Road
563.1.133,I-515 SB Galleria Off Ramp between I-515 SB and Blue Diamond Road
712.3.729,I-11 NB between Buchanan Blvd and US-95
706.2.733,I-11 SB between Buchanan Blvd and Hoover Dam Bridge Int/93
490.1.254,CC-215 WB between Valle Verde Dr and Grand Legacy Dr
707.2.738,I-11 SB between Buchanan Blvd and Hoover Dam Bridge Int/93
702.2.723,I-11 SB between Paradise Hills Dr and US-93
413.2.208,US-95 NB between Torrey Pines Drive and Meadows Lane
191.1.73,I-515 NB between I-515 NB Casino Ctr On-Ramp and US-95 NB to I-15 SB Ramp
703.1.725,I-11 SB between US-93 and Silverline Rd
184.1.80,US-95 NB MLK Blvd Off-Ramp between I-515 NB and Martin Luther King Boulevard
596.1.485,CC-215 WB between Sahara Avenue and Charleston Boulevard
480.3.123,CC-215 EB between Spencer St and Eastern Avenue
668.1.727,CC-215 EB between Lake Mead Boulevard and Cheyenne Avenue
665.1.25,CC-215 WB between Charleston Boulevard and I-515 SB College On Ramp
109.2.772,I-15 SB Boulder Off-Ramp between Sahara Avenue and I-15 SB
689.3.520,US-95 SB between Clark County 215 and Elkhorn
404.2.212,US-95 SB between Meadows Lane and Torrey Pines Drive
146.2.238,I-15 NB between I-15 NB Washington/D-St On-Ramp and I-15 NB  Lake Mead EB Off-Ramp
218.4.173,I-515 SB between I-515 SB Charleston On-Ramp and I-15 SB Boulder Off-Ramp
221.2.279,I-515 SB Boulder Hwy Off-Ramp between I-515 SB and Boulder Highway
363.1.297,I-515 SB between Denning Street and Mountain Vista Street
557.1.128,I-515 NB Sunset Off Ramp between I-515 NB and Blue Diamond Road
596.2.487,CC-215 WB between Sahara Avenue and Charleston Boulevard
656.1.503,I-215 NB Cheyenne OnRamp between Sunset Road and Durango
606.1.491,CC-215 EB between I-515 SB College On Ramp and Charleston Boulevard
395.4.440,I-15 SB between Speedway Boulevard and Centennial Parkway
643.1.474,I-215 NB Flamingo OffRamp between Charleston Boulevard and Sahara Avenue
383.1.377,I-515 NB between Waterwheel Falls Drive and Long Acres Drive
39.2.88,I-15 NB between I-215 EB to I-15 NB Ramp and I-215 WB to I-15 NB Ramp
376.1.134,I-515 NB between Dell Santos Drive and Mountain Vista Street
32.1.142,I-15 NB between Blue Diamond Road and I-15 SB to I-215 EB/WB Ramp
485.1.257,CC-215 EB between Stephanie Street and Drawback St
530.1.16,I-15 SB CD between Hacienda Avenue and Tropicana Avenue
168.2.532,US-95 SB between US-95 SB to I-15 SB Ramp and US-95 SB to I-15 NB Ramp
391.2.410,I-15 SB between Smiley Road and Craig Road
414.1.209,US-95 NB between Rainbow Boulevard and Torrey Pines Drive
348.3.150,I-15 SB between Wigwam Avenue and Robindale Road
711.1.736,I-11 NB between Hoover Dam Bridge Int/93 and Buchanan Blvd
121.1.765,I-15 SB MLK Blvd On-Ramp between Martin Luther King Boulevard and I-15 SB
127.1.759,I-15 NB to US-95 NB Ramp between I-15 NB and US-95 NB
69.2.16,I-15 SB between I-15 SB Tropicana On-Ramp and I-15 SB Russell Off-Ramp
385.1.390,I-515 NB between Appian Drive and College Drive
358.3.319,I-15 NB between Erie Avenue and Barbara Lane
594.2.478,CC-215 WB between Flamingo Road and I-515 SB to Lake Mead Dr
404.1.200,US-95 SB between Meadows Lane and Torrey Pines Drive
629.1.493,I-215 SB Far Hills OffRamp between Sunset Road and Durango
437.2.328,I-15 NB between Saint Rose Parkway and Roban Street
586.1.434,I-15 SB 215 CC Off Ramp between I-15 SB and 215 CC
114.2.44,I-15 NB Charleston Off-Ramp between I-15 NB and Charleston Boulevard
582.1.447,I-15 NB Speedway Off Ramp between I-15 NB and Speedway
599.2.497,CC-215 WB between I-515 SB College Off Ramp and Lake Mead Boulevard
92.2.27,I-15 SB between I-15 SB Spring Mtn On-Ramp and I-15 SB Flamingo WB Off-Ramp
515.1.152,I 15 Exp NB between Pebble and Serene Avenue
335.2.207,US-95 NB between US-95 NB Valley View On-Ramp and US-95 SB Decatur Off-Ramp
618.1.471,I-215 SB Tropicana OnRamp between Lake Mead Boulevard and I-515 SB College Off Ramp
372.3.408,I-515 SB between Bitterroot Street and College Drive
527.3.141,I-15 SB CD between Robindale Road and Warm Springs Road
737.2.744,US-93 SB at US 95 SB Off Ramp between US-93 SB and US-93 SB at US 95 SB Off Ramp
34.1.94,I-15 NB between I-15 SB to I-215 EB/WB Ramp and I-215 EB to I-15 NB Ramp
568.1.104,I-215 WB to I-515 SB ramp between CC-215 WB and I-515 SB
414.2.209,US-95 NB between Rainbow Boulevard and Torrey Pines Drive
438.2.330,I-15 NB between Roban Street and Sloan Road
434.3.358,I-15 SB between 10.71 Miles south of Sloan Road and 9.71 Miles south of Sloan Road
483.1.253,CC-215 EB between Green Valley Pkwy and Grand Legacy Dr
552.1.402,I-515 SB NV Stateline Off Ramp between I-515 SB and NVStateline
440.1.335,I-15 NB between 0.71 Miles south of Sloan Road and 1.71 Miles south of Sloan Road
343.1.199,US-95 SB between US-95 SB Jones Off-Ramp and US-95 SB Decatur Off-Ramp
102.2.771,I-15 SB between I-15 SB Sahara Off-Ramp and I-15 SB Sahara On-Ramp
602.2.504,CC-215 EB between Alexander Road and Cheyenne Avenue
485.2.258,CC-215 EB between Drawback St and Gibson Rd
354.3.145,I-15 NB between Robindale Road and Wigwam Avenue
4.2.4,CC-215 EB between I-215 EB Decatur On-Ramp and I-215 EB to I-15 SB Ramp
403.5.536,I-15 NB between Centennial Parkway and Speedway Boulevard
199.1.70,I-515 NB LV Blvd On-Ramp between Las Vegas Boulevard and I-515 NB
200.1.39,I-515 NB between I-515 NB LV Blvd On-Ramp and I-515 NB Casino Ctr On-Ramp
362.1.132,I-515 SB between Mountain Vista Street and Dell Santos Drive
364.3.126,I-515 SB between Stephanie Street and Denning Street
377.1.296,I-515 NB between Mountain Vista Street and Denning Street
403.1.447,I-15 NB between Centennial Parkway and Speedway Boulevard
406.1.219,US-95 SB between Rainbow Boulevard and Lake Mead Boulevard
412.1.518,US-95 SB between Ann Road and Clark County 215
416.3.216,US-95 NB between Half Moon Bay and Lake Mead Boulevard
480.1.121,CC-215 EB between Windmill Ln and Wigwam Ave
5.1.6,CC-215 EB between I-215 EB to I-15 SB Ramp and I-215 EB to I-15 NB Ramp
507.1.270,CC-215 EB between Rainbow Boulevard and Torrey Pines Drive
604.1.498,CC-215 EB between Lake Mead Boulevard and I-515 SB College Off Ramp
620.1.475,I-215 SB Flamingo OnRamp between I-515 SB College On Ramp and Charleston Boulevard
103.1.40,I-15 SB Sahara WB Off-Ramp between I-15 SB and Sahara Avenue
430.2.347,I-15 SB between 6.71 Miles south of Sloan Road and 5.71 Miles south of Sloan Road
655.1.497,I-215 NB Lake Mead OffRamp between Sunset Road and Durango
706.3.734,I-11 SB between Buchanan Blvd and Hoover Dam Bridge Int/93
202.3.67,I-515 SB between I-515 SB LV Blvd On-Ramp and I-515 SB Eastern Off-Ramp
203.1.65,I-515 NB between I-515 NB Eastern On-Ramp and I-515 NB LV Blvd Off-Ramp
551.1.380,I-515 SB Horizon On Ramp between Horizon and I-515 SB
383.3.374,I-515 NB between Waterwheel Falls Drive and Long Acres Drive
407.2.233,US-95 SB between Lake Mead Boulevard and Half Moon Bay
399.3.417,I-15 NB between Craig Road and Smiley Road
411.3.222,US-95 SB between Rancho Drive and Ann Road
718.2.727,I-11 SB US 95 Off Ramp between I-11 SB and US-95
348.2.151,I-15 SB between Wigwam Avenue and Robindale Road
445.3.346,I-15 NB between 5.71 Miles south of Sloan Road and 6.71 Miles south of Sloan Road
525.3.145,I-15 NB CD between Robindale Road and Blue Diamond Road
464.2.17,I 15 Exp SB between Hacienda Avenue and I-15 SB Russell Off-Ramp
446.3.349,I-15 NB between 6.71 Miles south of Sloan Road and 7.71 Miles south of Sloan Road
405.3.206,US-95 SB between Torrey Pines Drive and Rainbow Boulevard
500.1.265,AC NB between Pilot SB and Sunset Road
180.3.51,US-95 NB to I-15 SB Ramp between I-515 NB and I-15 SB
385.2.389,I-515 NB between Appian Drive and College Drive
598.1.492,CC-215 WB between I-515 SB College On Ramp and I-515 SB College Off Ramp
219.1.284,I-515 NB between I-515 NB Boulder Hwy Off-Ramp and I-515 NB Charleston Off-Ramp
442.3.339,I-15 NB between 2.71 Miles south of Sloan Road and 3.71 Miles south of Sloan Road
423.3.331,I-15 SB between Sloan Road and Roban Street
399.2.414,I-15 NB between Craig Road and Smiley Road
204.1.64,I-515 SB between I-515 SB Eastern Off-Ramp and I-515 SB Eastern On-Ramp
609.1.479,CC-215 EB between I-515 SB to Lake Mead Dr and Flamingo Road
10.2.268,CC-215 WB between I-215 EB Decatur Off-Ramp and I-215 EB Decatur On-Ramp
77.2.24,I-15 SB between I-15 SB Flamingo EB Off-Ramp and I-15 SB Flamingo On-Ramp
136.2.762,I-15 SB between US-95 NB to I-15 SB Ramp and US-95 SB to I-15 SB Ramp
110.2.41,I-15 NB between I-15 NB Sahara On-Ramp and I-15 NB Charleston EB Off-Ramp
134.1.80,I-15 SB to US-95 NB & SB Ramp between I-15 SB and US-95 NB
642.1.476,I-215 NB Flamingo OnRamp between I-515 SB College On Ramp and Charleston Boulevard
218.2.360,I-515 SB between I-515 SB Charleston On-Ramp and I-15 SB Boulder Off-Ramp
455.1.514,US-95 NB between I-15 NB and Flamingo Road
388.3.243,I-15 SB between Colton Avenue and Cartier Avenue
414.3.223,US-95 NB between Rainbow Boulevard and Torrey Pines Drive
584.1.445,I-15 SB Speedway Off Ramp between I-15 SB and Speedway
390.3.249,I-15 SB between Craig Road and Alexander Road
748.1.777,I-15 SB Pinto On Ramp between I-15 SB Pinto On Ramp and I-15 SB
468.2.245,I-15 SB Cheyennne Ave Off Ramp between I-15 SB and Cheyenne Avenue
2.1.268,CC-215 EB between I-215 EB Decatur Off-Ramp and I-215 EB Decatur On-Ramp
203.4.69,I-515 NB between I-515 NB Eastern On-Ramp and I-515 NB LV Blvd Off-Ramp
89.1.28,I-15 NB between I-15 NB Spring Mtn WB On-Ramp and I-15 NB Desert Inn On-Ramp
405.3.548,US-95 SB between Torrey Pines Drive and Rainbow Boulevard
365.1.107,I-515 SB between Sunset Road and Stephanie Street
171.1.761,US-95 SB to I-15 SB Ramp between US-95 SB and I-15 SB
453.2.510,US-95 NB between CC-215 EB and Decatur Road
110.1.756,I-15 NB between I-15 NB Sahara On-Ramp and I-15 NB Charleston EB Off-Ramp
122.1.758,I-15 NB between I-15 NB Charleston On-Ramp and I-15 NB to US-95 NB Ramp
734.1.746,US-93 NB at I-11 NB Ramp between US-93 NB at I-11 NB Ramp and I-11 NB
481.2.194,CC-215 EB between McLeod Dr and Pecos Road
351.3.317,I-15 SB between Erie Avenue and Pyle Avenue
38.1.91,I-15 NB to I-215 WB Ramp between I-15 NB and CC-215 WB
222.2.285,I-515 NB between Boulder Highway and Sahara Avenue
601.1.503,CC-215 WB between Cheyenne Avenue and Alexander Road
746.1.555,I-215 SB Lone Mtn Off Ramp between I-215 SB Lone Mtn Off Ramp and I-215 SB
611.1.471,CC-215 EB between Tropicana Avenue and Russell Road
30.2.8,I-215 EB to I-15 NB Ramp between CC-215 EB and I-15 NB
458.3.23,I 15 Exp NB between Harmon Ave and Flamingo Road
453.3.511,US-95 NB between CC-215 EB and Decatur Road
367.2.368,I-515 SB between American Pacific Drive and Warm Springs Road
113.2.45,I-15 NB between I-15 NB Charleston WB Off-Ramp and I-15 NB Charleston On-Ramp
369.2.385,I-515 SB between Long Acres Drive and Waterwheel Falls Drive
444.2.100,I-15 NB between 4.71 Miles south of Sloan Road and 5.71 Miles south of Sloan Road
57.1.13,I-15 SB between I-15 SB Russell On-Ramp and I-15 SB to I-215 WB/EB Ramp
175.1.51,I-515 SB MLK Blvd On-Ramp between Martin Luther King Boulevard and I-515 SB
711.3.734,I-11 NB between Hoover Dam Bridge Int/93 and Buchanan Blvd
142.2.54,I-15 SB between I-15 SB Washington Off-Ramp and I-15 SB Washington On-Ramp
359.1.325,I-15 NB between Barbara Lane and Saint Rose Parkway
520.2.155,I 15 Exp SB between Wigwam Avenue and Pebble
376.2.294,I-515 NB between Dell Santos Drive and Mountain Vista Street
589.1.410,I-15 SB Craig Off Ramp between I-15 SB and Craig Rd
487.2.259,CC-215 WB between La Laguna St and Gibson Rd
667.1.556,CC-215 EB between I-515 SB College Off Ramp and Lake Mead Boulevard
3.727.494,I-215 EB Decatur On-Ramp between  and 
433.3.355,I-15 SB between 9.71 Miles south of Sloan Road and 8.71 Miles south of Sloan Road
581.1.444,I-15 NB Speedway On Ramp between Speedway and I-15 NB
219.2.282,I-515 NB between I-515 NB Boulder Hwy Off-Ramp and I-515 NB Charleston Off-Ramp
659.2.724,CC-215 WB between Sunset Road and Russell Road
23.2.8,I-215 WB/I-15 NB between CC-215 WB and I-15 NB
658.2.549,CC-215 WB between Durango and Sunset Road
628.1.491,I-215 SB Far Hills OnRamp between Sunset Road and Durango
738.1.745,US-93 NB at US 95 NB On Ramp between US-93 NB at US 95 NB On Ramp and US-93 NB
540.1.100,I-15 SB Jean Off Ramp between I-15 SB and Jean
666.3.459,CC-215 WB between I-515 SB College On Ramp and I-515 SB College Off Ramp
646.1.485,I-215 NB Sahara OnRamp between Flamingo Road and Tropicana Avenue
61.2.18,I-15 NB Tropicana On-Ramp between I-15 NB and Tropicana Avenue
585.1.432,I-15 SB 215 CC On Ramp between 215 CC and I-15 SB
9.1.3,CC-215 WB between I-15 SB to I-215 WB/EB Ramp and I-215 WB Decatur Off-Ramp
64.1.19,I-15 SB between I-15 SB Tropicana Off-Ramp and I-15 SB Tropicana On-Ramp
377.2.296,I-515 NB between Mountain Vista Street and Denning Street
592.1.468,CC-215 WB between Russell Road and Tropicana Avenue
111.1.42,I-15 SB between I-15 SB MLK/Charleston On-Ramp and I-15 SB Sahara Off-Ramp
159.2.57,I-15 SB  Cheyenne Off-Ramp between Lake Mead Boulevard and I-15 SB
711.5.732,I-11 NB between Hoover Dam Bridge Int/93 and Buchanan Blvd
470.2.244,I-15 SB Cheyenne Ave On-Ramp between Cheyenne Avenue and I-15 SB
171.2.764,US-95 SB to I-15 SB Ramp between US-95 SB and I-15 SB
575.5.446,I-15 SB between N LV Hwy and Craig Rd
666.1.455,CC-215 WB between I-515 SB College On Ramp and I-515 SB College Off Ramp
88.1.28,I-15 NB Spring Mtn EB On-Ramp between Spring Mountain Road and I-15 NB
91.2.29,I-15 SB between I-15 SB Spring Mtn Off-Ramp and I-15 SB Spring Mtn On-Ramp
441.3.336,I-15 NB between 1.71 Miles south of Sloan Road and 2.71 Miles south of Sloan Road
212.3.279,I-515 SB between I-515 SB Charleston Off-Ramp and I-515 SB Charleston On-Ramp
388.2.244,I-15 SB between Colton Avenue and Cartier Avenue
472.2.250,I-15 SB Craig EB On-Ramp between Craig Road and I-15 SB
714.2.725,I-11 NB between Silverline Rd and US-93
202.4.66,I-515 SB between I-515 SB LV Blvd On-Ramp and I-515 SB Eastern Off-Ramp
446.1.350,I-15 NB between 6.71 Miles south of Sloan Road and 7.71 Miles south of Sloan Road
368.1.372,I-515 SB between Waterwheel Falls Drive and American Pacific Drive
615.1.465,I-215 SB Sunset OffRamp between Cheyenne Avenue and Alexander Road
580.1.436,I-15 NB 215 CC Off Ramp between I-15 NB and 215 CC
453.1.509,US-95 NB between CC-215 EB and Decatur Road
647.1.482,I-215 NB Sahara OffRamp between Tropicana Avenue and Russell Road
434.1.356,I-15 SB between 10.71 Miles south of Sloan Road and 9.71 Miles south of Sloan Road
465.1.12,I 15 Exp SB between Russell Road and Oquendo
689.2.521,US-95 SB between Clark County 215 and Elkhorn
396.2.246,I-15 NB between Cartier Avenue and Colton Avenue
334.2.211,US-95 SB between US-95 SB Decatur On-Ramp and US-95 SB Valley View Off-Ramp
129.2.49,I-15 NB to US-95 SB Ramp between I-15 NB and I-515 SB
364.2.127,I-515 SB between Stephanie Street and Denning Street
465.2.82,I 15 Exp SB between Oquendo and Patrick Lane
444.1.100,I-15 NB between 4.71 Miles south of Sloan Road and 5.71 Miles south of Sloan Road
352.1.318,I-15 SB between Barbara Lane and Erie Avenue
371.4.402,I-515 SB between College Drive and Appian Drive
201.1.39,I-515 NB Casino Ctr On-Ramp between Casino Center Boulevard and I-515 NB
210.1.62,I-515 SB between I-515 SB Eastern On-Ramp and I-515 SB Charleston Off-Ramp
393.1.432,I-15 SB between Clark County 215 and Ann Road
400.2.425,I-15 NB between Smiley Road and Ann Road
403.4.535,I-15 NB between Centennial Parkway and Speedway Boulevard
479.1.262,CC-215 EB between Warm Springs Road and Windmill Ln
491.2.236,CC-215 WB between Carnegie Dr and Pecos Road
578.1.419,I-15 NB Lamb Off Ramp between I-15 NB and Lamb
198.1.70,I-515 NB between I-515 NB LV Blvd Off-Ramp and I-515 NB LV Blvd On-Ramp
70.1.775,I-15 NB between I-15 NB Tropicana On-Ramp and I-15 NB Flamingo EB Off-Ramp
734.2.723,US-93 NB at I-11 NB Ramp between US-93 NB at I-11 NB Ramp and I-11 NB
169.3.210,US-95 SB to I-15 SB Ramp between US-95 SB and I-15 SB
677.1.449,I-215 NB Jones OffRamp between Cheyenne Avenue and Alexander Road
114.2.757,I-15 NB Charleston Off-Ramp between I-15 NB and Charleston Boulevard
171.4.763,US-95 SB to I-15 SB Ramp between US-95 SB and I-15 SB
63.2.18,I-15 NB Tropicana Ave On-Ramp between Tropicana Avenue and I-15 NB
121.3.768,I-15 SB MLK Blvd On-Ramp between Martin Luther King Boulevard and I-15 SB
462.2.27,I 15 Exp SB between Highland and Twain
529.3.14,I-15 SB CD between Russell Road and Hacienda Avenue
351.1.315,I-15 SB between Erie Avenue and Pyle Avenue
712.2.730,I-11 NB between Buchanan Blvd and US-95
597.1.488,CC-215 WB between Charleston Boulevard and I-515 SB College On Ramp
179.2.75,I-515 NB between US-95 NB to I-15 SB Ramp and US-95 NB to I-15 NB Ramp
69.3.776,I-15 SB between I-15 SB Tropicana On-Ramp and I-15 SB Russell Off-Ramp
437.3.327,I-15 NB between Saint Rose Parkway and Roban Street
394.2.433,I-15 SB between Centennial Parkway and Clark County 215
457.3.52,I 15 Exp NB between Hacienda Avenue and Tropicana Avenue
397.2.248,I-15 NB between Colton Avenue and Alexander Road
465.3.83,I 15 Exp SB between Patrick Lane and CC-215 WB
59.2.18,I-15 NB between I-15 NB Tropicana Off-Ramp and I-15 NB Tropicana On-Ramp
41.1.95,I-15 SB between I-215 WB to I-15 SB Ramp and I-215 EB to I-15 SB Ramp
25.1.547,CC-215 WB between Gilespie Street and Las Vegas Boulevard
459.2.28,I 15 Exp NB between Twain and Highland
651.1.490,I-215 NB Far Hills OffRamp between Sunset Road and Durango
710.5.737,I-11 NB between Hoover Dam Bridge Int/93 and Buchanan Blvd
117.1.46,I-15 SB between I-15 SB MLK/Charleston Off-Ramp and I-15 SB MLK/Charleston On-Ramp
630.1.494,I-215 SB Summerlin OnRamp between Sunset Road and Durango
513.1.106,I-515 SB to I-215 WB OnRamp between I-515 SB and CC-215 WB
575.4.533,I-15 SB between N LV Hwy and Craig Rd
159.2.57,I-15 SB  Lake Mead EB On-Ramp between Lake Mead Boulevard and I-15 SB
449.1.358,I-15 NB between 9.71 Miles south of Sloan Road and 10.71 Miles south of Sloan Road
212.4.363,I-515 SB between I-515 SB Charleston Off-Ramp and I-515 SB Charleston On-Ramp
358.2.320,I-15 NB between Erie Avenue and Barbara Lane
664.1.461,CC-215 WB between Sahara Avenue and Charleston Boulevard
476.2.262,CC-215 WB between Windmill Ln and Warm Springs Road
358.1.325,I-15 NB between Erie Avenue and Barbara Lane
659.1.723,CC-215 WB between Sunset Road and Russell Road
116.2.45,I-15 NB Grand Central On-Ramp between Grand Central Parkway and I-15 NB
422.1.326,I-15 SB between Roban Street and Saint Rose Parkway
682.1.451,I-215 SB Jones OnRamp between I-515 SB College On Ramp and Charleston Boulevard
674.1.454,CC-215 EB between I-515 SB College On Ramp and Charleston Boulevard
402.1.438,I-15 NB between Clark County 215 and Centennial Parkway
605.1.494,CC-215 EB between I-515 SB College Off Ramp and I-515 SB College On Ramp
505.2.273,CC-215 EB between Cimmaron and Buffalo
49.3.15,I-15 NB between I-15 NB Russell Off-Ramp and I-15 NB Russell On-Ramp
413.1.208,US-95 NB between Torrey Pines Drive and Meadows Lane
449.3.356,I-15 NB between 9.71 Miles south of Sloan Road and 10.71 Miles south of Sloan Road
386.1.399,I-515 NB between College Drive and Bitterroot Street
524.3.8,I-15 NB CD between Clark County 215 and Warm Springs Road
420.2.160,US-95 NB between Ann Road and Rancho Drive
438.3.329,I-15 NB between Roban Street and Sloan Road
408.1.227,US-95 SB between Half Moon Bay and Cheyenne Avenue
499.2.542,AC SB between Sunset Road and Pilot SB
372.2.405,I-515 SB between Bitterroot Street and College Drive
378.2.299,I-515 NB between Denning Street and Stephanie Street
97.2.33,I-15 NB between I-15 NB Desert Inn On-Ramp and I-15 NB Sahara Off-Ramp
215.1.278,I-515 NB between I-515 NB Charleston Off-Ramp and I-515 NB Charleston On-Ramp
125.2.49,I-15 NB to US-95 NB Ramp between I-15 NB and US-95 NB
429.3.100,I-15 SB between 5.71 Miles south of Sloan Road and 4.71 Miles south of Sloan Road
430.1.346,I-15 SB between 6.71 Miles south of Sloan Road and 5.71 Miles south of Sloan Road
56.1.14,I-15 SB between I-15 SB Russell Off-Ramp and I-15 SB Russell On-Ramp
433.1.353,I-15 SB between 9.71 Miles south of Sloan Road and 8.71 Miles south of Sloan Road
367.3.371,I-515 SB between American Pacific Drive and Warm Springs Road
392.3.416,I-15 SB between Ann Road and Smiley Road
488.1.258,CC-215 WB between Gibson Rd and Drawback St
139.2.53,I-15 NB Wash./D-Street Off-Ramp between I-15 NB and D Street
352.3.322,I-15 SB between Barbara Lane and Erie Avenue
55.1.13,I-15 SB Russell On-Ramp between Russell Road and I-15 SB
659.1.550,CC-215 WB between Sunset Road and Russell Road
124.2.49,I-15 NB between I-15 NB to US-95 NB Ramp and I-15 NB to I-215 WB Ramp
425.1.335,I-15 SB between 1.71 Miles south of Sloan Road and 0.71 Miles south of Sloan Road
372.1.404,I-515 SB between Bitterroot Street and College Drive
607.2.484,CC-215 EB between Charleston Boulevard and Sahara Avenue
17.2.141,I-15 SB between I-215 EB to I-15 SB Ramp and Blue Diamond Road
391.3.252,I-15 SB between Smiley Road and Craig Road
101.1.35,I-15 NB Sahara On-Ramp between Sahara Avenue and I-15 NB
520.1.79,I 15 Exp SB between Blue Diamond Road and Wigwam Avenue
716.1.729,I-11 NB US 95 Off Ramp between I-11 NB and US-95
155.2.239,I-15 SB between I-15 SB  Lake Mead Off-Ramp and I-15 SB  Lake Mead WB On-Ramp
412.2.517,US-95 SB between Ann Road and Clark County 215
673.1.451,CC-215 EB between I-515 SB College Off Ramp and I-515 SB College On Ramp
190.1.750,I-515 SB between I-15 SB to US-95 Ramp and I-515 SB Casino Ctr Off-Ramp
427.2.340,I-15 SB between 3.71 Miles south of Sloan Road and 2.71 Miles south of Sloan Road
719.1.729,I-11 SB US 95 On Ramp between I-11 SB and US-95
221.1.279,I-515 SB Boulder Hwy Off-Ramp between I-515 SB and Boulder Highway
493.2.122,CC-215 WB between Spencer St and Wigwam Ave
592.2.470,CC-215 WB between Russell Road and Tropicana Avenue
743.2.552,I-215 NB Ann On Ramp between I-215 NB Ann On Ramp and I-215 NB
587.1.427,I-15 SB Lamb On Ramp between Lamb and I-15 SB
711.4.733,I-11 NB between Hoover Dam Bridge Int/93 and Buchanan Blvd
702.3.723,I-11 SB between Paradise Hills Dr and US-93
366.1.103,I-515 SB between Warm Springs Road and Sunset Road
382.2.370,I-515 NB between American Pacific Drive and Waterwheel Falls Drive
348.1.149,I-15 SB between Wigwam Avenue and Robindale Road
441.1.338,I-15 NB between 1.71 Miles south of Sloan Road and 2.71 Miles south of Sloan Road
702.2.721,I-11 SB between Paradise Hills Dr and US-93
110.1.41,I-15 NB between I-15 NB Sahara On-Ramp and I-15 NB Charleston EB Off-Ramp
403.3.534,I-15 NB between Centennial Parkway and Speedway Boulevard
593.1.472,CC-215 WB between Tropicana Avenue and Flamingo Road
514.2.158,I 15 Exp NB between Serene Avenue and Silverado Ranch
665.2.462,CC-215 WB between Charleston Boulevard and I-515 SB College On Ramp
439.2.333,I-15 NB between Sloan Road and 0.71 Miles south of Sloan Road
423.2.330,I-15 SB between Sloan Road and Roban Street
648.1.488,I-215 NB Charleston OnRamp between Russell Road and Sunset Road
383.2.375,I-515 NB between Waterwheel Falls Drive and Long Acres Drive
426.1.336,I-15 SB between 2.71 Miles south of Sloan Road and 1.71 Miles south of Sloan Road
360.2.288,I-515 SB between Viking Road and Boulder Highway
419.3.217,US-95 NB between Rancho Drive and Craig Road
461.3.32,I 15 Exp SB between Meade and Desert Inn Road
612.2.465,CC-215 EB between Russell Road and Sunset Road
329.2.198,US-95 SB between US-95 SB Valley View Off-Ramp and US-95 SB Valley View On-Ramp
591.2.466,CC-215 WB between Sunset Road and Russell Road
220.1.283,I-515 SB between I-15 SB Boulder Off-Ramp and I-515 SB Boulder Hwy Off-Ramp
730.1.745,US-93 NB between US-93 NB and US-95 NB
690.1.524,US-95 SB between Elkhorn and Durango
733.1.747,US-93 SB at I-11 SB Ramp between I-11 SB and US-93 SB at I-11 SB Ramp
182.1.75,US-95 NB to I-15 NB Ramp between I-515 NB and I-15 NB
522.2.15,I-15 NB CD between Hacienda Avenue and Russell Road
444.3.345,I-15 NB between 4.71 Miles south of Sloan Road and 5.71 Miles south of Sloan Road
456.3.13,I 15 Exp NB between Oquendo and Russell Road
458.1.18,I 15 Exp NB between Tropicana Avenue and Tompkins
514.1.140,I 15 Exp NB between Serene Avenue and Silverado Ranch
385.3.387,I-515 NB between Appian Drive and College Drive
512.1.125,I-215 EB to I-515 NB OnRamp between CC-215 EB and I-515 NB
660.1.725,CC-215 WB between Russell Road and Tropicana Avenue
546.1.406,I-515 NB WagonWheel Off Ramp between I-515 NB and WagonWheel
461.4.31,I 15 Exp SB between Desert Inn Road and Spring Mountain Road
103.1.770,I-15 SB Sahara WB Off-Ramp between I-15 SB and Sahara Avenue
395.2.442,I-15 SB between Speedway Boulevard and Centennial Parkway
612.1.467,CC-215 EB between Russell Road and Sunset Road
190.3.74,I-515 SB between I-15 SB to US-95 Ramp and I-515 SB Casino Ctr Off-Ramp
503.2.272,CC-215 WB between Tenaya and Buffalo
617.1.469,I-215 SB Russel OffRamp between Cheyenne Avenue and Lake Mead Boulevard
679.1.453,I-215 NB Decatur OffRamp between Cheyenne Avenue and Lake Mead Boulevard
203.3.68,I-515 NB between I-515 NB Eastern On-Ramp and I-515 NB LV Blvd Off-Ramp
457.2.16,I 15 Exp NB between I-15 NB Russell On-Ramp and Hacienda Avenue
654.1.500,I-215 NB Lake Mead OnRamp between Sunset Road and Durango
382.3.369,I-515 NB between American Pacific Drive and Waterwheel Falls Drive
411.2.222,US-95 SB between Rancho Drive and Ann Road
49.1.82,I-15 NB between I-15 NB Russell Off-Ramp and I-15 NB Russell On-Ramp
419.2.217,US-95 NB between Rancho Drive and Craig Road
523.1.12,I-15 NB CD between Russell Road and Oquendo
374.2.169,I-515 NB between Boulder Highway and Viking Road
65.2.19,I-15 SB Tropicana Off-Ramp between I-15 SB and Tropicana Avenue
388.1.245,I-15 SB between Colton Avenue and Cartier Avenue
481.1.124,CC-215 EB between Eastern Avenue and McLeod Dr
207.2.63,I-515 NB between I-515 NB Eastern Off-Ramp and I-515 NB Eastern On-Ramp
370.2.388,I-515 SB between Appian Drive and Long Acres Drive
547.1.400,I-515 NB WagonWheel On Ramp between WagonWheel and I-515 NB
694.1.538,I-15 NB LV Blvd OnRamp between I-15 NB and 1.71 Miles south of Sloan Road
393.3.428,I-15 SB between Clark County 215 and Ann Road
526.1.144,I-15 NB CD between Blue Diamond Road and Wigwam Avenue
39.1.8,I-15 NB between I-215 EB to I-15 NB Ramp and I-215 WB to I-15 NB Ramp
368.3.381,I-515 SB between Waterwheel Falls Drive and American Pacific Drive
409.3.409,US-95 SB between Cheyenne Avenue and Craig Road
471.2.246,I-15 NB Cheyenne Ave On-Ramp between Cheyenne Avenue and I-15 NB
486.2.260,CC-215 EB between La Laguna St and Great Basin Hwy
2.723.455,CC-215 EB between  and 
705.1.728,I-11 SB between US-95 and Buchanan Blvd
326.2.195,US-95 NB between US-95 NB Rancho On-Ramp and US-95 NB Valley View Off-Ramp
172.1.51,I-515 SB between US-95 SB to I-15 NB Ramp and I-15 NB to US-95 SB Ramp
362.3.129,I-515 SB between Mountain Vista Street and Dell Santos Drive
537.1.100,I-15 NB Jean On Ramp between Jean and I-15 NB
157.1.240,I-15 SB  Lake Mead Off-Ramp between I-15 SB and Lake Mead Boulevard
604.2.496,CC-215 EB between Lake Mead Boulevard and I-515 SB College Off Ramp
595.1.481,CC-215 WB between I-515 SB to Lake Mead Dr and Sahara Avenue
219.3.360,I-515 NB between I-515 NB Boulder Hwy Off-Ramp and I-515 NB Charleston Off-Ramp
487.1.260,CC-215 WB between Great Basin Hwy and La Laguna St
650.1.492,I-215 NB Far Hills OnRamp between Sunset Road and Durango
710.4.738,I-11 NB between Hoover Dam Bridge Int/93 and Buchanan Blvd
144.1.54,I-15 SB Washington On-Ramp between D Street and I-15 SB
384.2.383,I-515 NB between Long Acres Drive and Appian Drive
370.1.386,I-515 SB between Appian Drive and Long Acres Drive
102.3.37,I-15 SB between I-15 SB Sahara Off-Ramp and I-15 SB Sahara On-Ramp
197.2.69,I-515 NB LV Blvd Off-Ramp between I-515 NB and Las Vegas Boulevard
447.3.77,I-15 NB between 7.71 Miles south of Sloan Road and 8.71 Miles south of Sloan Road
660.1.552,CC-215 WB between Russell Road and Tropicana Avenue
400.1.423,I-15 NB between Smiley Road and Ann Road
669.2.726,CC-215 EB between Cheyenne Avenue and Alexander Road
712.1.731,I-11 NB between Buchanan Blvd and US-95
3.725.516,I-215 EB Decatur On-Ramp between I-15 SB and 
495.2.266,215 WB to AC NB between AC SB and CC-215 WB
608.1.483,CC-215 EB between Sahara Avenue and I-515 SB to Lake Mead Dr
71.2.23,I-15 NB between I-15 NB Flamingo EB Off-Ramp and I-15 NB Spring Mtn Off-Ramp
220.2.286,I-515 SB between I-15 SB Boulder Off-Ramp and I-515 SB Boulder Hwy Off-Ramp
371.3.397,I-515 SB between College Drive and Appian Drive
649.1.487,I-215 NB Charleston OffRamp between Sunset Road and Durango
393.4.426,I-15 SB between Clark County 215 and Ann Road
435.1.359,I-15 SB between 11.71 Miles south of Sloan Road and 10.71 Miles south of Sloan Road
392.1.421,I-15 SB between Ann Road and Smiley Road
576.1.412,I-15 NB Craig On Ramp between I-15 NB and Craig Rd
195.1.71,I-515 SB LV Blvd Off-Ramp between I-515 SB and Las Vegas Boulevard
541.1.100,I-15 SB Jean On Ramp between Jean and I-15 SB
575.1.537,I-15 SB between N LV Hwy and Craig Rd
10.1.267,CC-215 WB between I-215 EB Decatur Off-Ramp and I-215 EB Decatur On-Ramp
8.1.7,CC-215 WB between I-215 WB to I-15 SB Ramp and I-15 SB to I-215 WB/EB Ramp
126.1.49,I-15 NB MLK Blvd Off-Ramp between I-15 NB and Martin Luther King Boulevard
526.2.79,I-15 NB CD between Blue Diamond Road and Wigwam Avenue
4.1.1,CC-215 EB between I-215 EB Decatur On-Ramp and I-215 EB to I-15 SB Ramp
391.3.410,I-15 SB between Smiley Road and Craig Road
712.4.728,I-11 NB between Buchanan Blvd and US-95
740.1.549,I-215 NB Lone Mtn Off Ramp between I-215 NB Lone Mtn Off Ramp and I-215 NB
531.1.12,Frank Sinatra Drive between I-15 SB and Frank Sinatra Drive
506.2.271,CC-215 EB between Tenaya and Rainbow Boulevard
502.2.270,CC-215 WB between Torrey Pines Drive and Rainbow Boulevard
50.2.12,I-15 NB Russell Off-Ramp between I-15 NB and Russell Road
448.1.355,I-15 NB between 8.71 Miles south of Sloan Road and 9.71 Miles south of Sloan Road
418.2.225,US-95 NB between Craig Road and Cheyenne Avenue
190.2.74,I-515 SB between I-15 SB to US-95 Ramp and I-515 SB Casino Ctr Off-Ramp
733.1.749,US-93 SB at I-11 SB Ramp between I-11 SB and US-93 SB at I-11 SB Ramp
443.3.342,I-15 NB between 3.71 Miles south of Sloan Road and 4.71 Miles south of Sloan Road
486.1.259,CC-215 EB between Gibson Rd and La Laguna St
399.1.413,I-15 NB between Craig Road and Smiley Road
733.2.747,US-93 SB at I-11 SB Ramp between I-11 SB and US-93 SB at I-11 SB Ramp
707.1.737,I-11 SB between Buchanan Blvd and Hoover Dam Bridge Int/93
387.4.400,I-515 NB between Bitterroot Street and Wagon Wheel Drive
150.2.58,I-15 NB Lake Mead WB Off-Ramp between I-15 NB and Lake Mead Boulevard
636.1.464,I-215 NB Sunset OnRamp between Lake Mead Boulevard and Cheyenne Avenue
420.3.160,US-95 NB between Ann Road and Rancho Drive
135.1.80,I-15 SB to US-95 Ramp between I-15 SB and I-515 SB
463.1.24,I 15 Exp SB between Flamingo Road and Harmon Ave
442.2.340,I-15 NB between 2.71 Miles south of Sloan Road and 3.71 Miles south of Sloan Road
91.1.31,I-15 SB between I-15 SB Spring Mtn Off-Ramp and I-15 SB Spring Mtn On-Ramp
463.3.19,I 15 Exp SB between Tompkins and Tropicana Avenue
702.3.724,I-11 SB between Paradise Hills Dr and US-93
633.1.499,I-215 SB Lake Mead OffRamp between Sunset Road and Durango
386.4.395,I-515 NB between College Drive and Bitterroot Street
167.2.210,US-95 NB between I-15 NB to US-95 NB Ramp and US-95 NB Rancho Off-Ramp
168.1.196,US-95 SB between US-95 SB to I-15 SB Ramp and US-95 SB to I-15 NB Ramp
54.2.14,I-15 SB Russell Off-Ramp between I-15 SB and Russell Road
707.3.739,I-11 SB between Buchanan Blvd and Hoover Dam Bridge Int/93
591.1.464,CC-215 WB between Sunset Road and Russell Road
702.3.726,I-11 SB between Paradise Hills Dr and US-93
524.1.85,I-15 NB CD between Oquendo and Sunset Road
684.1.454,I-215 SB Decatur OnRamp between Sahara Avenue and I-515 SB to Lake Mead Dr
409.2.221,US-95 SB between Cheyenne Avenue and Craig Road
668.1.554,CC-215 EB between Lake Mead Boulevard and Cheyenne Avenue
715.1.724,I-11 NB between US-93 and Paradise Hills Dr
155.1.240,I-15 SB between I-15 SB  Lake Mead Off-Ramp and I-15 SB  Lake Mead WB On-Ramp
430.3.348,I-15 SB between 6.71 Miles south of Sloan Road and 5.71 Miles south of Sloan Road
121.2.43,I-15 SB MLK Blvd On-Ramp between Martin Luther King Boulevard and I-15 SB
40.1.9,I-15 SB between I-15 SB to I-215 WB/EB Ramp and I-215 WB to I-15 SB Ramp
396.3.246,I-15 NB between Cartier Avenue and Colton Avenue
395.3.441,I-15 SB between Speedway Boulevard and Centennial Parkway
378.1.301,I-515 NB between Denning Street and Stephanie Street
462.3.26,I 15 Exp SB between Twain and Flamingo Road
504.2.274,CC-215 WB between Cimmaron and Durango
434.2.357,I-15 SB between 10.71 Miles south of Sloan Road and 9.71 Miles south of Sloan Road
597.2.490,CC-215 WB between Charleston Boulevard and I-515 SB College On Ramp
413.3.204,US-95 NB between Torrey Pines Drive and Meadows Lane
2.721.453,CC-215 EB between  and 
206.1.64,I-515 SB Eastern On-Ramp between Eastern Avenue and I-515 SB
353.1.323,I-15 SB between Saint Rose Parkway and Barbara Lane
429.2.100,I-15 SB between 5.71 Miles south of Sloan Road and 4.71 Miles south of Sloan Road
480.2.122,CC-215 EB between Wigwam Ave and Spencer St
507.2.269,CC-215 EB between Torrey Pines Drive and Jones Boulevard
90.2.30,I-15 NB Spring Mtn WB On-Ramp between Spring Mountain Road and I-15 NB
218.3.282,I-515 SB between I-515 SB Charleston On-Ramp and I-15 SB Boulder Off-Ramp
387.1.407,I-515 NB between Bitterroot Street and Wagon Wheel Drive
